항목그룹명	CC코드	CC명	항목구분명	항목코드	항목명	01월	02월	03월	04월	05월	06월	07월	08월	09월	10월	11월	12월	합계
노무비	SM_QSF	품질관리실 품질관리 6팀	급료와임금(제조)	5102210	급료와임금(제조)	"85,786,900"	"85,726,370"	"85,726,370"	"87,719,900"	"87,791,400"	0	0	0	0	0	0	0	"432,750,940"
노무비	SM_QSF	품질관리실 품질관리 6팀	급료와임금(제조)	5102220	상여금(제조)	"13,035,449"	"7,643,763"	"7,234,088"	"7,626,982"	"7,597,728"	0	0	0	0	0	0	0	"43,138,010"
노무비	SM_QSF	품질관리실 품질관리 6팀	급료와임금(제조)	5102230	학비보조금(제조)	0	0	"2,564,100"	0	0	0	0	0	0	0	0	0	"2,564,100"
노무비	SM_QSF	품질관리실 품질관리 6팀	급료와임금(제조)	5102240	시간외근무수당(제조)	"9,119,670"	"6,508,220"	"5,237,300"	"3,474,170"	"5,966,190"	0	0	0	0	0	0	0	"30,305,550"
노무비	SM_QSF	품질관리실 품질관리 6팀	급료와임금(제조)	5102250	휴가보상금(제조)	"1,989,287"	"1,977,013"	"1,977,013"	"1,977,027"	"1,966,550"	0	0	0	0	0	0	0	"9,886,890"
노무비	SM_QSF	품질관리실 품질관리 6팀	급료와임금(제조)	5102260	시상비(제조)	"1,931,537"	"-605,534"	"657,043"	"692,047"	"653,565"	0	0	0	0	0	0	0	"3,328,658"
노무비	SM_QSF	품질관리실 품질관리 6팀	급료와임금(제조)	5102280	제수당(제조)	"1,800,000"	"1,800,000"	"6,800,000"	"1,800,000"	"6,800,000"	0	0	0	0	0	0	0	"19,000,000"
노무비	SM_QSF	품질관리실 품질관리 6팀	퇴직급여전입액(제조)	5102410	퇴직급여충당금전입액(제조)	"22,155,163"	"-8,846,090"	"6,586,189"	"6,586,236"	"6,551,334"	0	0	0	0	0	0	0	"33,032,832"
노무비	SM_QSF	품질관리실 품질관리 6팀	퇴직급여전입액(제조)	5102430	퇴직급여-확정기여형(제조)	0	0	0	0	0	0	0	0	0	0	0	0	0
노무비	SM_SAO	송도공장 제조팀	급료와임금(제조)	5102210	급료와임금(제조)	"121,445,280"	"123,802,800"	"123,802,800"	"127,314,520"	"128,479,800"	0	0	0	0	0	0	0	"624,845,200"
노무비	SM_SAO	송도공장 제조팀	급료와임금(제조)	5102220	상여금(제조)	"18,453,794"	"11,038,836"	"10,447,197"	"11,069,615"	"11,119,023"	0	0	0	0	0	0	0	"62,128,465"
노무비	SM_SAO	송도공장 제조팀	급료와임금(제조)	5102230	학비보조금(제조)	0	0	"5,007,800"	0	0	0	0	0	0	0	0	0	"5,007,800"
노무비	SM_SAO	송도공장 제조팀	급료와임금(제조)	5102240	시간외근무수당(제조)	"11,402,660"	"11,011,650"	"14,157,690"	"11,437,130"	"12,502,210"	0	0	0	0	0	0	0	"60,511,340"
노무비	SM_SAO	송도공장 제조팀	급료와임금(제조)	5102250	휴가보상금(제조)	"2,816,159"	"2,855,129"	"2,855,129"	"2,869,410"	"2,877,982"	0	0	0	0	0	0	0	"14,273,809"
노무비	SM_SAO	송도공장 제조팀	급료와임금(제조)	5102260	시상비(제조)	"2,734,404"	"-874,489"	"948,876"	"3,263,793"	"956,471"	0	0	0	0	0	0	0	"7,029,055"
노무비	SM_SAO	송도공장 제조팀	급료와임금(제조)	5102280	제수당(제조)	"593,470"	"720,510"	"864,300"	"7,494,130"	"12,597,670"	0	0	0	0	0	0	0	"22,270,080"
노무비	SM_SAO	송도공장 제조팀	퇴직급여전입액(제조)	5102410	퇴직급여충당금전입액(제조)	"31,364,229"	"-12,775,190"	"9,511,527"	"9,559,103"	"9,587,659"	0	0	0	0	0	0	0	"47,247,328"
노무비	SM_SAO	송도공장 제조팀	퇴직급여전입액(제조)	5102430	퇴직급여-확정기여형(제조)	0	0	0	0	0	0	0	0	0	0	0	0	0
노무비	SM_SDO	송도공장 생산지원팀	급료와임금(제조)	5102210	급료와임금(제조)	"22,065,500"	"22,065,500"	"22,065,500"	"22,937,000"	"22,937,000"	0	0	0	0	0	0	0	"112,070,500"
노무비	SM_SDO	송도공장 생산지원팀	급료와임금(제조)	5102220	상여금(제조)	"3,352,890"	"1,967,466"	"1,862,017"	"1,994,306"	"1,985,039"	0	0	0	0	0	0	0	"11,161,718"
노무비	SM_SDO	송도공장 생산지원팀	급료와임금(제조)	5102230	학비보조금(제조)	0	0	0	0	0	0	0	0	0	0	0	0	0
노무비	SM_SDO	송도공장 생산지원팀	급료와임금(제조)	5102240	시간외근무수당(제조)	"1,150,900"	"2,263,550"	0	"1,584,270"	"279,960"	0	0	0	0	0	0	0	"5,278,680"
노무비	SM_SDO	송도공장 생산지원팀	급료와임금(제조)	5102250	휴가보상금(제조)	"511,673"	"508,876"	"508,876"	"516,957"	"513,798"	0	0	0	0	0	0	0	"2,560,180"
노무비	SM_SDO	송도공장 생산지원팀	급료와임금(제조)	5102260	시상비(제조)	"496,819"	"-155,859"	"169,122"	"256,807"	"170,759"	0	0	0	0	0	0	0	"937,648"
노무비	SM_SDO	송도공장 생산지원팀	급료와임금(제조)	5102280	제수당(제조)	"530,000"	"530,000"	"530,000"	"550,000"	"5,550,000"	0	0	0	0	0	0	0	"7,690,000"
노무비	SM_SDO	송도공장 생산지원팀	퇴직급여전입액(제조)	5102410	퇴직급여충당금전입액(제조)	"5,698,598"	"-2,276,931"	"1,695,253"	"1,722,174"	"1,711,651"	0	0	0	0	0	0	0	"8,550,745"
노무비	SM_SDO	송도공장 생산지원팀	퇴직급여전입액(제조)	5102420	퇴직위로금(제조)	0	0	0	0	0	0	0	0	0	0	0	0	0
노무비	SM_SDO	송도공장 생산지원팀	퇴직급여전입액(제조)	5102430	퇴직급여-확정기여형(제조)	0	0	0	0	0	0	0	0	0	0	0	0	0
노무비	SM_SHO	송도공장 설비관리팀	급료와임금(제조)	5102210	급료와임금(제조)	"36,331,200"	"36,331,200"	"36,331,200"	"37,084,400"	"37,084,400"	0	0	0	0	0	0	0	"183,162,400"
노무비	SM_SHO	송도공장 설비관리팀	급료와임금(제조)	5102220	상여금(제조)	"5,520,580"	"3,239,459"	"3,065,837"	"3,224,377"	"3,209,394"	0	0	0	0	0	0	0	"18,259,647"
노무비	SM_SHO	송도공장 설비관리팀	급료와임금(제조)	5102240	시간외근무수당(제조)	"5,138,840"	"4,226,410"	"3,224,170"	"3,966,310"	"2,520,580"	0	0	0	0	0	0	0	"19,076,310"
노무비	SM_SHO	송도공장 설비관리팀	급료와임금(제조)	5102250	휴가보상금(제조)	"842,473"	"837,866"	"837,866"	"835,806"	"830,700"	0	0	0	0	0	0	0	"4,184,711"
노무비	SM_SHO	송도공장 설비관리팀	급료와임금(제조)	5102260	시상비(제조)	"818,016"	"-256,628"	"278,457"	"369,773"	"276,075"	0	0	0	0	0	0	0	"1,485,693"
노무비	SM_SHO	송도공장 설비관리팀	급료와임금(제조)	5102280	제수당(제조)	"1,610,000"	"1,630,000"	"1,622,000"	"1,640,000"	"1,660,000"	0	0	0	0	0	0	0	"8,162,000"
노무비	SM_SHO	송도공장 설비관리팀	퇴직급여전입액(제조)	5102410	퇴직급여충당금전입액(제조)	"9,382,827"	"-3,749,011"	"2,791,255"	"2,784,392"	"2,767,381"	0	0	0	0	0	0	0	"13,976,844"
노무비	SM_SMF	송도공장	급료와임금(제조)	5102210	급료와임금(제조)	"7,621,500"	"7,621,500"	"7,621,500"	"7,621,500"	"7,621,500"	0	0	0	0	0	0	0	"38,107,500"
노무비	SM_SMF	송도공장	급료와임금(제조)	5102220	상여금(제조)	"1,158,098"	"679,568"	"643,146"	"662,666"	"659,587"	0	0	0	0	0	0	0	"3,803,065"
노무비	SM_SMF	송도공장	급료와임금(제조)	5102250	휴가보상금(제조)	"176,732"	"175,766"	"175,766"	"171,773"	"170,723"	0	0	0	0	0	0	0	"870,760"
노무비	SM_SMF	송도공장	급료와임금(제조)	5102260	시상비(제조)	"171,602"	"-53,835"	"58,414"	"57,087"	"56,738"	0	0	0	0	0	0	0	"290,006"
노무비	SM_SMF	송도공장	급료와임금(제조)	5102280	제수당(제조)	"1,000,000"	"1,000,000"	"1,000,000"	"1,000,000"	"1,000,000"	0	0	0	0	0	0	0	"5,000,000"
노무비	SM_SMF	송도공장	퇴직급여전입액(제조)	5102410	퇴직급여충당금전입액(제조)	"1,968,314"	"-786,462"	"585,544"	"572,241"	"568,745"	0	0	0	0	0	0	0	"2,908,382"
노무비	SM_SQA	품질보증실 품질보증3팀	급료와임금(제조)	5102210	급료와임금(제조)	"70,503,300"	"70,294,500"	"70,294,500"	"70,294,500"	"70,294,500"	0	0	0	0	0	0	0	"351,681,300"
노무비	SM_SQA	품질보증실 품질보증3팀	급료와임금(제조)	5102220	상여금(제조)	"10,713,083"	"6,267,786"	"5,931,857"	"6,111,896"	"6,083,494"	0	0	0	0	0	0	0	"35,108,116"
노무비	SM_SQA	품질보증실 품질보증3팀	급료와임금(제조)	5102230	학비보조금(제조)	0	0	0	0	0	0	0	0	0	0	0	0	0
노무비	SM_SQA	품질보증실 품질보증3팀	급료와임금(제조)	5102240	시간외근무수당(제조)	"999,980"	"59,700"	0	0	0	0	0	0	0	0	0	0	"1,059,680"
노무비	SM_SQA	품질보증실 품질보증3팀	급료와임금(제조)	5102250	휴가보상금(제조)	"1,634,880"	"1,621,125"	"1,621,125"	"1,584,294"	"1,574,615"	0	0	0	0	0	0	0	"8,036,039"
노무비	SM_SQA	품질보증실 품질보증3팀	급료와임금(제조)	5102260	시상비(제조)	"1,587,419"	"-496,530"	"538,766"	"526,526"	"523,309"	0	0	0	0	0	0	0	"2,679,490"
노무비	SM_SQA	품질보증실 품질보증3팀	급료와임금(제조)	5102280	제수당(제조)	"1,830,000"	"1,830,000"	"1,830,000"	"1,830,000"	"1,830,000"	0	0	0	0	0	0	0	"9,150,000"
노무비	SM_SQA	품질보증실 품질보증3팀	퇴직급여전입액(제조)	5102410	퇴직급여충당금전입액(제조)	"18,208,049"	"-7,253,678"	"5,400,589"	"5,277,892"	"5,245,647"	0	0	0	0	0	0	0	"26,878,499"
노무비	SM_SVO	송도공장 밸리데이션팀	급료와임금(제조)	5102210	급료와임금(제조)	"36,047,100"	"36,047,100"	"36,047,100"	"37,795,020"	"38,960,300"	0	0	0	0	0	0	0	"184,896,620"
노무비	SM_SVO	송도공장 밸리데이션팀	급료와임금(제조)	5102220	상여금(제조)	"5,477,411"	"3,214,127"	"3,041,863"	"3,286,163"	"3,371,740"	0	0	0	0	0	0	0	"18,391,304"
노무비	SM_SVO	송도공장 밸리데이션팀	급료와임금(제조)	5102240	시간외근무수당(제조)	"519,560"	"1,552,780"	"665,040"	"939,380"	"576,890"	0	0	0	0	0	0	0	"4,253,650"
노무비	SM_SVO	송도공장 밸리데이션팀	급료와임금(제조)	5102250	휴가보상금(제조)	"835,885"	"831,314"	"831,314"	"851,822"	"872,721"	0	0	0	0	0	0	0	"4,223,056"
노무비	SM_SVO	송도공장 밸리데이션팀	급료와임금(제조)	5102260	시상비(제조)	"811,619"	"-254,621"	"276,280"	"517,095"	"290,041"	0	0	0	0	0	0	0	"1,640,414"
노무비	SM_SVO	송도공장 밸리데이션팀	급료와임금(제조)	5102280	제수당(제조)	"1,800,000"	"1,800,000"	"1,800,000"	"1,800,000"	"1,890,000"	0	0	0	0	0	0	0	"9,090,000"
노무비	SM_SVO	송도공장 밸리데이션팀	퇴직급여전입액(제조)	5102410	퇴직급여충당금전입액(제조)	"9,309,456"	"-3,719,694"	"2,769,428"	"2,837,747"	"2,907,368"	0	0	0	0	0	0	0	"14,104,305"
제조경비	SM_QSF	품질관리실 품질관리 6팀	복리후생비(제조)	5103111	복리후생비-식당운영비(제조)	"123,732"	"144,457"	"79,012"	"196,104"	"184,368"	0	0	0	0	0	0	0	"727,673"
제조경비	SM_QSF	품질관리실 품질관리 6팀	복리후생비(제조)	5103131	복리후생비-부서활동비(제조)	"38,546"	"824,984"	"721,314"	0	"444,098"	0	0	0	0	0	0	0	"2,028,942"
제조경비	SM_QSF	품질관리실 품질관리 6팀	복리후생비(제조)	5103190	복리후생비-지원보조비(제조)	"128,580"	"128,490"	"128,490"	"131,500"	"131,600"	0	0	0	0	0	0	0	"648,660"
제조경비	SM_QSF	품질관리실 품질관리 6팀	복리후생비(제조)	5103210	복리후생비-사내경조비(제조)	0	0	"100,000"	0	0	0	0	0	0	0	0	0	"100,000"
제조경비	SM_QSF	품질관리실 품질관리 6팀	복리후생비(제조)	5103270	복리후생비-법정후생비(제조)	"10,807,830"	"11,299,230"	"10,888,400"	"14,837,610"	"11,174,960"	0	0	0	0	0	0	0	"59,008,030"
제조경비	SM_QSF	품질관리실 품질관리 6팀	여비교통비(제조)	5104120	여비교통비-시외출장비(제조)	"21,500"	0	"14,002"	0	"99,455"	0	0	0	0	0	0	0	"134,957"
제조경비	SM_QSF	품질관리실 품질관리 6팀	여비교통비(제조)	5104130	여비교통비-시내출장비(제조)	0	0	0	0	0	0	0	0	0	0	0	0	0
제조경비	SM_QSF	품질관리실 품질관리 6팀	감가상각비(제조)	5109130	감가상각비-기계장치(제조)	"17,818,185"	"17,818,185"	"17,818,185"	"17,818,185"	"17,818,185"	0	0	0	0	0	0	0	"89,090,925"
제조경비	SM_QSF	품질관리실 품질관리 6팀	감가상각비(제조)	5109140	감가상각비-공구기구비품(제조)	"38,115,697"	"38,115,697"	"38,115,697"	"38,115,697"	"38,115,697"	0	0	0	0	0	0	0	"190,578,485"
제조경비	SM_QSF	품질관리실 품질관리 6팀	수선비(제조)	5110140	수선비-공구기구비품(제조)	"1,665,000"	"16,254,000"	"31,732,527"	"11,493,881"	"51,771,000"	0	0	0	0	0	0	0	"112,916,408"
제조경비	SM_QSF	품질관리실 품질관리 6팀	수선비(제조)	5110150	수선비-안전보건비(제조)	0	0	"7,000,000"	0	0	0	0	0	0	0	0	0	"7,000,000"
제조경비	SM_QSF	품질관리실 품질관리 6팀	경상연구개발비(제조)	5113130	경상연구개발비-실험재료비_출고(제조)	"191,608"	"2,426,086"	"54,780"	"32,739"	"218,182"	0	0	0	0	0	0	0	"2,923,395"
제조경비	SM_QSF	품질관리실 품질관리 6팀	경상연구개발비(제조)	5113140	경상연구개발비-실험시약비_출고(제조)	0	0	0	0	0	0	0	0	0	0	0	0	0
제조경비	SM_QSF	품질관리실 품질관리 6팀	경상연구개발비(제조)	5113160	경상연구개발비-실험재료관리비(제조)	"44,023,000"	"18,539,000"	"25,577,300"	"27,712,880"	"32,891,500"	0	0	0	0	0	0	0	"148,743,680"
제조경비	SM_QSF	품질관리실 품질관리 6팀	경상연구개발비(제조)	5113170	경상연구개발비-실험시약비(제조)	"12,070,040"	"10,899,120"	"21,925,600"	"13,491,500"	"20,123,600"	0	0	0	0	0	0	0	"78,509,860"
제조경비	SM_QSF	품질관리실 품질관리 6팀	교육훈련비(제조)	5118130	교육훈련비-사외교육훈련비(제조)	"22,728"	0	0	"240,000"	0	0	0	0	0	0	0	0	"262,728"
제조경비	SM_QSF	품질관리실 품질관리 6팀	도서문구비(제조)	5119150	도서문구비-사무용품비(제조)	"1,337,520"	"681,060"	"1,216,000"	"224,140"	"407,200"	0	0	0	0	0	0	0	"3,865,920"
제조경비	SM_QSF	품질관리실 품질관리 6팀	소모품비(제조)	5120140	소모품비-소모성소모품관리비(제조)	"1,419,000"	0	0	0	"250,000"	0	0	0	0	0	0	0	"1,669,000"
제조경비	SM_QSF	품질관리실 품질관리 6팀	지급수수료(제조)	5121150	제수수료(제조)	"2,590,500"	0	"272,000"	"882,500"	"166,250"	0	0	0	0	0	0	0	"3,911,250"
제조경비	SM_QSF	품질관리실 품질관리 6팀	용역비(제조)	5122140	용역비-기타(제조)	0	0	0	"4,364"	"8,000"	0	0	0	0	0	0	0	"12,364"
제조경비	SM_SAO	송도공장 제조팀	복리후생비(제조)	5103111	복리후생비-식당운영비(제조)	"273,100"	"359,374"	"181,461"	"173,918"	"319,106"	0	0	0	0	0	0	0	"1,306,959"
제조경비	SM_SAO	송도공장 제조팀	복리후생비(제조)	5103131	복리후생비-부서활동비(제조)	0	0	"2,738,833"	"726,438"	0	0	0	0	0	0	0	0	"3,465,271"
제조경비	SM_SAO	송도공장 제조팀	복리후생비(제조)	5103190	복리후생비-지원보조비(제조)	"182,010"	"185,550"	"185,550"	"190,820"	"192,560"	0	0	0	0	0	0	0	"936,490"
제조경비	SM_SAO	송도공장 제조팀	복리후생비(제조)	5103210	복리후생비-사내경조비(제조)	0	"50,000"	"150,000"	0	0	0	0	0	0	0	0	0	"200,000"
제조경비	SM_SAO	송도공장 제조팀	복리후생비(제조)	5103250	복리후생비-직원이전비(제조)	0	0	0	0	0	0	0	0	0	0	0	0	0
제조경비	SM_SAO	송도공장 제조팀	복리후생비(제조)	5103260	복리후생비-통근비(제조)	"101,200"	0	"184,400"	0	0	0	0	0	0	0	0	0	"285,600"
제조경비	SM_SAO	송도공장 제조팀	복리후생비(제조)	5103270	복리후생비-법정후생비(제조)	"17,198,290"	"16,482,470"	"16,482,470"	"19,274,360"	"15,737,080"	0	0	0	0	0	0	0	"85,174,670"
제조경비	SM_SAO	송도공장 제조팀	여비교통비(제조)	5104120	여비교통비-시외출장비(제조)	"66,410"	"41,900"	"181,816"	"97,319"	"100,507"	0	0	0	0	0	0	0	"487,952"
제조경비	SM_SAO	송도공장 제조팀	여비교통비(제조)	5104130	여비교통비-시내출장비(제조)	0	"10,000"	"134,913"	"20,954"	0	0	0	0	0	0	0	0	"165,867"
제조경비	SM_SAO	송도공장 제조팀	감가상각비(제조)	5109130	감가상각비-기계장치(제조)	"240,026,302"	"240,026,302"	"240,026,302"	"240,026,302"	"234,859,652"	0	0	0	0	0	0	0	"1,194,964,860"
제조경비	SM_SAO	송도공장 제조팀	감가상각비(제조)	5109140	감가상각비-공구기구비품(제조)	"2,831,660"	"2,831,660"	"2,831,660"	"2,831,660"	"2,831,660"	0	0	0	0	0	0	0	"14,158,300"
제조경비	SM_SAO	송도공장 제조팀	감가상각비(제조)	5109170	감가상각비-산업재산권(제조)	0	0	0	0	"1,291,659"	0	0	0	0	0	0	0	"1,291,659"
제조경비	SM_SAO	송도공장 제조팀	감가상각비(제조)	5109220	감가상각비-비품(제조)	"854,856"	"854,856"	"854,856"	"854,856"	"854,856"	0	0	0	0	0	0	0	"4,274,280"
제조경비	SM_SAO	송도공장 제조팀	수선비(제조)	5110110	수선비-건물(제조)	0	0	0	0	"8,000,000"	0	0	0	0	0	0	0	"8,000,000"
제조경비	SM_SAO	송도공장 제조팀	수선비(제조)	5110130	수선비-기계장치(제조)	"13,150,000"	"13,225,755"	"18,375,400"	"11,398,000"	"15,781,120"	0	0	0	0	0	0	0	"71,930,275"
제조경비	SM_SAO	송도공장 제조팀	수선비(제조)	5110140	수선비-공구기구비품(제조)	"252,400"	"197,800"	"4,169,000"	0	"921,000"	0	0	0	0	0	0	0	"5,540,200"
제조경비	SM_SAO	송도공장 제조팀	교육훈련비(제조)	5118130	교육훈련비-사외교육훈련비(제조)	0	"400,001"	"409,091"	"109,091"	0	0	0	0	0	0	0	0	"918,183"
제조경비	SM_SAO	송도공장 제조팀	도서문구비(제조)	5119110	도서문구비-도서비(제조)	0	0	0	0	0	0	0	0	0	0	0	0	0
제조경비	SM_SAO	송도공장 제조팀	도서문구비(제조)	5119150	도서문구비-사무용품비(제조)	"485,660"	"531,000"	0	"535,330"	"903,880"	0	0	0	0	0	0	0	"2,455,870"
제조경비	SM_SAO	송도공장 제조팀	소모품비(제조)	5120110	소모품비-소모성기구비(제조)	"300,000"	"2,340,000"	"6,585,000"	"11,385,000"	"680,000"	0	0	0	0	0	0	0	"21,290,000"
제조경비	SM_SAO	송도공장 제조팀	소모품비(제조)	5120120	소모품비-소모성소모품비(제조)	"2,961,021"	"638,659"	"2,532,878"	"1,327,601"	0	0	0	0	0	0	0	0	"7,460,159"
제조경비	SM_SAO	송도공장 제조팀	소모품비(제조)	5120140	소모품비-소모성소모품관리비(제조)	"18,678,340"	"7,768,600"	"35,548,183"	"21,970,300"	"18,151,228"	0	0	0	0	0	0	0	"102,116,651"
제조경비	SM_SDO	송도공장 생산지원팀	복리후생비(제조)	5103111	복리후생비-식당운영비(제조)	"65,193"	0	"11,344,081"	"11,125,245"	"2,466,574"	0	0	0	0	0	0	0	"25,001,093"
제조경비	SM_SDO	송도공장 생산지원팀	복리후생비(제조)	5103131	복리후생비-부서활동비(제조)	"898,260"	"1,168,443"	"1,257,457"	"1,922,209"	"413,639"	0	0	0	0	0	0	0	"5,660,008"
제조경비	SM_SDO	송도공장 생산지원팀	복리후생비(제조)	5103170	복리후생비-의료위생비(제조)	0	0	0	0	0	0	0	0	0	0	0	0	0
제조경비	SM_SDO	송도공장 생산지원팀	복리후생비(제조)	5103180	복리후생비-피복제비(제조)	"474,819"	"888,364"	"516,910"	"384,328"	"307,000"	0	0	0	0	0	0	0	"2,571,421"
제조경비	SM_SDO	송도공장 생산지원팀	복리후생비(제조)	5103190	복리후생비-지원보조비(제조)	"33,070"	"33,070"	"33,070"	"34,380"	"34,380"	0	0	0	0	0	0	0	"167,970"
제조경비	SM_SDO	송도공장 생산지원팀	복리후생비(제조)	5103210	복리후생비-사내경조비(제조)	"50,000"	0	"343,400"	0	"50,000"	0	0	0	0	0	0	0	"443,400"
제조경비	SM_SDO	송도공장 생산지원팀	복리후생비(제조)	5103220	복리후생비-후생비(제조)	"4,308,885"	"3,413,385"	"4,370,285"	"4,406,285"	"4,141,148"	0	0	0	0	0	0	0	"20,639,988"
제조경비	SM_SDO	송도공장 생산지원팀	복리후생비(제조)	5103260	복리후생비-통근비(제조)	"6,840,000"	"6,120,000"	"7,200,000"	"8,020,000"	"5,760,000"	0	0	0	0	0	0	0	"33,940,000"
제조경비	SM_SDO	송도공장 생산지원팀	복리후생비(제조)	5103270	복리후생비-법정후생비(제조)	"2,738,010"	"2,711,990"	"2,711,990"	"3,403,980"	"2,824,410"	0	0	0	0	0	0	0	"14,390,380"
제조경비	SM_SDO	송도공장 생산지원팀	여비교통비(제조)	5104120	여비교통비-시외출장비(제조)	"62,650"	"54,546"	"55,276"	"34,136"	"79,620"	0	0	0	0	0	0	0	"286,228"
제조경비	SM_SDO	송도공장 생산지원팀	여비교통비(제조)	5104130	여비교통비-시내출장비(제조)	0	0	0	0	0	0	0	0	0	0	0	0	0
제조경비	SM_SDO	송도공장 생산지원팀	통신비(제조)	5105111	통신비-전화료(제조)	"114,855"	"125,679"	"127,835"	"125,878"	"132,014"	0	0	0	0	0	0	0	"626,261"
제조경비	SM_SDO	송도공장 생산지원팀	통신비(제조)	5105140	통신비-우편전보료(제조)	"11,760"	"17,540"	"12,500"	"30,940"	0	0	0	0	0	0	0	0	"72,740"
제조경비	SM_SDO	송도공장 생산지원팀	통신비(제조)	5105150	통신비-정보통신사용료(제조)	"238,482"	"244,160"	"200,580"	"224,320"	"227,720"	0	0	0	0	0	0	0	"1,135,262"
제조경비	SM_SDO	송도공장 생산지원팀	세금과공과(제조)	5107120	세금과공과-종업원분소득세(제조)	0	0	0	0	0	0	0	0	0	0	0	0	0
제조경비	SM_SDO	송도공장 생산지원팀	세금과공과(제조)	5107130	세금과공과-주민세(제조)	"2,158,750"	"2,513,840"	"3,854,180"	"2,116,180"	"2,127,080"	0	0	0	0	0	0	0	"12,770,030"
제조경비	SM_SDO	송도공장 생산지원팀	세금과공과(제조)	5107140	세금과공과-재산세(제조)	0	0	0	0	0	0	0	0	0	0	0	0	0
제조경비	SM_SDO	송도공장 생산지원팀	세금과공과(제조)	5107160	세금과공과-면허세(제조)	"373,500"	0	0	0	0	0	0	0	0	0	0	0	"373,500"
제조경비	SM_SDO	송도공장 생산지원팀	세금과공과(제조)	5107170	세금과공과-기타제세(제조)	"523,600"	0	0	0	0	0	0	0	0	0	0	0	"523,600"
제조경비	SM_SDO	송도공장 생산지원팀	세금과공과(제조)	5107190	세금과공과-협회비(제조)	0	0	0	"300,000"	0	0	0	0	0	0	0	0	"300,000"
제조경비	SM_SDO	송도공장 생산지원팀	지급임차료(제조)	5108110	지급임차료-건물임차료(제조)	"4,690,000"	"4,740,000"	"4,740,000"	"5,520,000"	"4,640,000"	0	0	0	0	0	0	0	"24,330,000"
제조경비	SM_SDO	송도공장 생산지원팀	지급임차료(제조)	5108120	지급임차료-토지임차료(제조)	"1,516,000"	"1,516,000"	"1,516,000"	"1,516,000"	"1,516,000"	0	0	0	0	0	0	0	"7,580,000"
제조경비	SM_SDO	송도공장 생산지원팀	지급임차료(제조)	5108161	지급임차료-차량렌트료(제조)	"686,364"	"686,364"	"686,364"	"686,364"	"686,364"	0	0	0	0	0	0	0	"3,431,820"
제조경비	SM_SDO	송도공장 생산지원팀	감가상각비(제조)	5109110	감가상각비-건물(제조)	"127,188,963"	"127,188,963"	"127,188,963"	"127,188,963"	"127,188,963"	0	0	0	0	0	0	0	"635,944,815"
제조경비	SM_SDO	송도공장 생산지원팀	감가상각비(제조)	5109130	감가상각비-기계장치(제조)	"2,091,842"	"2,091,842"	"2,091,842"	"2,091,842"	"2,091,842"	0	0	0	0	0	0	0	"10,459,210"
제조경비	SM_SDO	송도공장 생산지원팀	감가상각비(제조)	5109150	감가상각비-차량운반구(제조)	"1,134,917"	"1,134,917"	"1,134,917"	"1,134,917"	"1,134,917"	0	0	0	0	0	0	0	"5,674,585"
제조경비	SM_SDO	송도공장 생산지원팀	감가상각비(제조)	5109170	감가상각비-산업재산권(제조)	"37,259,960"	"37,259,960"	"37,259,960"	"37,259,960"	"37,259,960"	0	0	0	0	0	0	0	"186,299,800"
제조경비	SM_SDO	송도공장 생산지원팀	수선비(제조)	5110110	수선비-건물(제조)	0	0	"261,000,000"	"377,100,000"	"263,700,000"	0	0	0	0	0	0	0	"901,800,000"
제조경비	SM_SDO	송도공장 생산지원팀	수선비(제조)	5110130	수선비-기계장치(제조)	0	"43,182"	0	0	0	0	0	0	0	0	0	0	"43,182"
제조경비	SM_SDO	송도공장 생산지원팀	수선비(제조)	5110140	수선비-공구기구비품(제조)	0	0	0	"3,300,000"	"1,162,728"	0	0	0	0	0	0	0	"4,462,728"
제조경비	SM_SDO	송도공장 생산지원팀	수선비(제조)	5110150	수선비-안전보건비(제조)	"6,872,040"	"1,269,500"	"382,500"	"382,500"	"382,500"	0	0	0	0	0	0	0	"9,289,040"
제조경비	SM_SDO	송도공장 생산지원팀	보험료(제조)	5111110	보험료-건물(제조)	"725,898"	"655,650"	"725,898"	"702,482"	"725,898"	0	0	0	0	0	0	0	"3,535,826"
제조경비	SM_SDO	송도공장 생산지원팀	보험료(제조)	5111120	보험료-기계장치(제조)	"414,272"	"374,181"	"414,272"	"400,908"	"414,272"	0	0	0	0	0	0	0	"2,017,905"
제조경비	SM_SDO	송도공장 생산지원팀	보험료(제조)	5111130	보험료-재고품(제조)	"90,115"	"81,394"	"90,115"	"87,208"	"90,115"	0	0	0	0	0	0	0	"438,947"
제조경비	SM_SDO	송도공장 생산지원팀	보험료(제조)	5111160	보험료-제보험(제조)	"6,514"	"5,884"	"6,514"	"6,304"	"6,514"	0	0	0	0	0	0	0	"31,730"
제조경비	SM_SDO	송도공장 생산지원팀	차량비(제조)	5116111	차량비-관리비(제조)	0	"9,000"	0	0	0	0	0	0	0	0	0	0	"9,000"
제조경비	SM_SDO	송도공장 생산지원팀	차량비(제조)	5116130	차량비-유류비(제조)	0	0	"117,000"	"40,000"	"133,000"	0	0	0	0	0	0	0	"290,000"
제조경비	SM_SDO	송도공장 생산지원팀	차량비(제조)	5116150	차량비-주행주차비(제조)	"18,300"	"26,300"	"43,100"	"21,300"	"25,800"	0	0	0	0	0	0	0	"134,800"
제조경비	SM_SDO	송도공장 생산지원팀	교육훈련비(제조)	5118130	교육훈련비-사외교육훈련비(제조)	0	0	0	0	0	0	0	0	0	0	0	0	0
제조경비	SM_SDO	송도공장 생산지원팀	도서문구비(제조)	5119110	도서문구비-도서비(제조)	0	0	0	"224,420"	0	0	0	0	0	0	0	0	"224,420"
제조경비	SM_SDO	송도공장 생산지원팀	도서문구비(제조)	5119121	도서문구비-정기구독료(제조)	"25,000"	"25,000"	"25,000"	"25,000"	"25,000"	0	0	0	0	0	0	0	"125,000"
제조경비	SM_SDO	송도공장 생산지원팀	도서문구비(제조)	5119150	도서문구비-사무용품비(제조)	"2,748,520"	"7,671,601"	"3,572,201"	"4,194,483"	"4,441,946"	0	0	0	0	0	0	0	"22,628,751"
제조경비	SM_SDO	송도공장 생산지원팀	소모품비(제조)	5120110	소모품비-소모성기구비(제조)	0	0	0	0	0	0	0	0	0	0	0	0	0
제조경비	SM_SDO	송도공장 생산지원팀	소모품비(제조)	5120120	소모품비-소모성소모품비(제조)	0	0	0	0	0	0	0	0	0	0	0	0	0
제조경비	SM_SDO	송도공장 생산지원팀	소모품비(제조)	5120140	소모품비-소모성소모품관리비(제조)	"6,724,593"	"6,339,437"	"1,893,540"	"9,662,785"	"5,724,365"	0	0	0	0	0	0	0	"30,344,720"
제조경비	SM_SDO	송도공장 생산지원팀	지급수수료(제조)	5121110	지급수수료(제조)	"320,000"	0	0	"640,000"	0	0	0	0	0	0	0	0	"960,000"
제조경비	SM_SDO	송도공장 생산지원팀	지급수수료(제조)	5121150	제수수료(제조)	637	0	"6,173"	"4,910"	"480,995"	0	0	0	0	0	0	0	"492,715"
제조경비	SM_SDO	송도공장 생산지원팀	용역비(제조)	5122120	용역비-전산(제조)	"134,730,000"	0	"70,643,159"	"44,444,160"	"15,014,720"	0	0	0	0	0	0	0	"264,832,039"
제조경비	SM_SDO	송도공장 생산지원팀	용역비(제조)	5122130	용역비-시설관리(제조)	"33,828,636"	"60,014,496"	"26,644,566"	"26,272,839"	"36,695,185"	0	0	0	0	0	0	0	"183,455,722"
제조경비	SM_SDO	송도공장 생산지원팀	용역비(제조)	5122140	용역비-기타(제조)	"13,021,900"	"1,593,300"	"28,000"	"3,946,000"	"1,885,680"	0	0	0	0	0	0	0	"20,474,880"
제조경비	SM_SDO	송도공장 생산지원팀	업무추진비(제조)	5130120	업무추진비-업무추진비(제조)	0	"194,546"	0	0	0	0	0	0	0	0	0	0	"194,546"
제조경비	SM_SHO	송도공장 설비관리팀	복리후생비(제조)	5103111	복리후생비-식당운영비(제조)	"186,644"	"111,648"	"184,026"	"123,375"	"139,741"	0	0	0	0	0	0	0	"745,434"
제조경비	SM_SHO	송도공장 설비관리팀	복리후생비(제조)	5103131	복리후생비-부서활동비(제조)	"298,273"	"66,182"	"289,457"	"349,280"	"11,910"	0	0	0	0	0	0	0	"1,015,102"
제조경비	SM_SHO	송도공장 설비관리팀	복리후생비(제조)	5103190	복리후생비-지원보조비(제조)	"54,450"	"54,450"	"54,450"	"55,590"	"55,590"	0	0	0	0	0	0	0	"274,530"
제조경비	SM_SHO	송도공장 설비관리팀	복리후생비(제조)	5103210	복리후생비-사내경조비(제조)	0	"200,000"	0	0	"100,000"	0	0	0	0	0	0	0	"300,000"
제조경비	SM_SHO	송도공장 설비관리팀	복리후생비(제조)	5103260	복리후생비-통근비(제조)	0	0	0	0	0	0	0	0	0	0	0	0	0
제조경비	SM_SHO	송도공장 설비관리팀	복리후생비(제조)	5103270	복리후생비-법정후생비(제조)	"4,270,810"	"4,626,520"	"4,626,520"	"6,530,590"	"4,817,760"	0	0	0	0	0	0	0	"24,872,200"
제조경비	SM_SHO	송도공장 설비관리팀	여비교통비(제조)	5104110	여비교통비-해외출장비(제조)	0	0	0	0	"71,740"	0	0	0	0	0	0	0	"71,740"
제조경비	SM_SHO	송도공장 설비관리팀	여비교통비(제조)	5104120	여비교통비-시외출장비(제조)	"54,554"	"29,907"	"309,802"	"160,174"	"125,791"	0	0	0	0	0	0	0	"680,228"
제조경비	SM_SHO	송도공장 설비관리팀	여비교통비(제조)	5104130	여비교통비-시내출장비(제조)	0	0	0	"29,100"	0	0	0	0	0	0	0	0	"29,100"
제조경비	SM_SHO	송도공장 설비관리팀	여비교통비(제조)	5104150	여비교통비-해외여비(제조)	0	0	0	0	"120,000"	0	0	0	0	0	0	0	"120,000"
제조경비	SM_SHO	송도공장 설비관리팀	수도광열비(제조)	5106110	수도광열비-수도료(제조)	"12,608,840"	"9,844,880"	"10,482,290"	"10,930,070"	"14,738,210"	0	0	0	0	0	0	0	"58,604,290"
제조경비	SM_SHO	송도공장 설비관리팀	수도광열비(제조)	5106130	수도광열비-전력료(제조)	"157,161,777"	"153,470,775"	"146,553,329"	"141,570,408"	"3,386,665"	0	0	0	0	0	0	0	"602,142,954"
제조경비	SM_SHO	송도공장 설비관리팀	수도광열비(제조)	5106141	수도광열비-연료난방비(제조)	"100,462,346"	"88,427,032"	"98,649,548"	"80,596,824"	"97,162,276"	0	0	0	0	0	0	0	"465,298,026"
제조경비	SM_SHO	송도공장 설비관리팀	세금과공과(제조)	5107190	세금과공과-협회비(제조)	"224,000"	0	0	0	"360,000"	0	0	0	0	0	0	0	"584,000"
제조경비	SM_SHO	송도공장 설비관리팀	세금과공과(제조)	5107210	세금과공과-공과금(제조)	"4,166,785"	"4,059,397"	"3,879,871"	"3,739,718"	"141,747,131"	0	0	0	0	0	0	0	"157,592,902"
제조경비	SM_SHO	송도공장 설비관리팀	감가상각비(제조)	5109130	감가상각비-기계장치(제조)	"32,487,870"	"32,487,870"	"32,487,870"	"32,487,870"	"32,487,870"	0	0	0	0	0	0	0	"162,439,350"
제조경비	SM_SHO	송도공장 설비관리팀	감가상각비(제조)	5109140	감가상각비-공구기구비품(제조)	"311,863"	"311,863"	"311,863"	"311,863"	"311,863"	0	0	0	0	0	0	0	"1,559,315"
제조경비	SM_SHO	송도공장 설비관리팀	수선비(제조)	5110110	수선비-건물(제조)	"800,000"	"1,550,000"	"17,500,000"	0	"1,180,000"	0	0	0	0	0	0	0	"21,030,000"
제조경비	SM_SHO	송도공장 설비관리팀	수선비(제조)	5110130	수선비-기계장치(제조)	"7,863,636"	0	"14,164,000"	"15,550,000"	0	0	0	0	0	0	0	0	"37,577,636"
제조경비	SM_SHO	송도공장 설비관리팀	수선비(제조)	5110140	수선비-공구기구비품(제조)	0	"4,200,000"	0	0	0	0	0	0	0	0	0	0	"4,200,000"
제조경비	SM_SHO	송도공장 설비관리팀	교육훈련비(제조)	5118130	교육훈련비-사외교육훈련비(제조)	"162,910"	"65,455"	"292,456"	"1,145,455"	"65,455"	0	0	0	0	0	0	0	"1,731,731"
제조경비	SM_SHO	송도공장 설비관리팀	도서문구비(제조)	5119110	도서문구비-도서비(제조)	0	0	0	0	0	0	0	0	0	0	0	0	0
제조경비	SM_SHO	송도공장 설비관리팀	도서문구비(제조)	5119150	도서문구비-사무용품비(제조)	0	"408,030"	0	0	0	0	0	0	0	0	0	0	"408,030"
제조경비	SM_SHO	송도공장 설비관리팀	소모품비(제조)	5120110	소모품비-소모성기구비(제조)	0	0	0	0	0	0	0	0	0	0	0	0	0
제조경비	SM_SHO	송도공장 설비관리팀	소모품비(제조)	5120140	소모품비-소모성소모품관리비(제조)	"15,981,656"	"4,767,700"	"41,972,390"	"10,874,440"	"13,426,300"	0	0	0	0	0	0	0	"87,022,486"
제조경비	SM_SHO	송도공장 설비관리팀	지급수수료(제조)	5121150	제수수료(제조)	"1,000,000"	0	"3,594,700"	"1,800,000"	0	0	0	0	0	0	0	0	"6,394,700"
제조경비	SM_SHO	송도공장 설비관리팀	업무추진비(제조)	5130120	업무추진비-업무추진비(제조)	0	"195,455"	0	0	"96,364"	0	0	0	0	0	0	0	"291,819"
제조경비	SM_SMF	송도공장	복리후생비(제조)	5103131	복리후생비-부서활동비(제조)	"248,276"	"112,728"	"123,001"	"95,458"	"177,281"	0	0	0	0	0	0	0	"756,744"
제조경비	SM_SMF	송도공장	복리후생비(제조)	5103190	복리후생비-지원보조비(제조)	"11,430"	"11,430"	"11,430"	"11,430"	"11,430"	0	0	0	0	0	0	0	"57,150"
제조경비	SM_SMF	송도공장	복리후생비(제조)	5103210	복리후생비-사내경조비(제조)	"100,000"	"200,000"	"450,000"	"400,000"	"100,000"	0	0	0	0	0	0	0	"1,250,000"
제조경비	SM_SMF	송도공장	복리후생비(제조)	5103270	복리후생비-법정후생비(제조)	"973,390"	"898,410"	"898,410"	"1,327,930"	"927,130"	0	0	0	0	0	0	0	"5,025,270"
제조경비	SM_SMF	송도공장	여비교통비(제조)	5104110	여비교통비-해외출장비(제조)	0	0	"4,492,105"	"23,500"	"85,341"	0	0	0	0	0	0	0	"4,600,946"
제조경비	SM_SMF	송도공장	여비교통비(제조)	5104120	여비교통비-시외출장비(제조)	"244,992"	"71,933"	"121,266"	"74,564"	"64,676"	0	0	0	0	0	0	0	"577,431"
제조경비	SM_SMF	송도공장	여비교통비(제조)	5104130	여비교통비-시내출장비(제조)	0	0	0	0	0	0	0	0	0	0	0	0	0
제조경비	SM_SMF	송도공장	여비교통비(제조)	5104150	여비교통비-해외여비(제조)	0	0	0	0	"240,000"	0	0	0	0	0	0	0	"240,000"
제조경비	SM_SMF	송도공장	접대비(제조)	5112120	접대비-사외경조비(제조)	0	0	0	0	0	0	0	0	0	0	0	0	0
제조경비	SM_SMF	송도공장	용역비(제조)	5122140	용역비-기타(제조)	"20,000"	"165,000"	"114,000"	"115,000"	0	0	0	0	0	0	0	0	"414,000"
제조경비	SM_SMF	송도공장	업무추진비(제조)	5130120	업무추진비-업무추진비(제조)	"498,365"	"430,914"	"813,822"	"893,479"	"414,550"	0	0	0	0	0	0	0	"3,051,130"
제조경비	SM_SQA	품질보증실 품질보증3팀	복리후생비(제조)	5103111	복리후생비-식당운영비(제조)	0	0	0	0	0	0	0	0	0	0	0	0	0
제조경비	SM_SQA	품질보증실 품질보증3팀	복리후생비(제조)	5103131	복리후생비-부서활동비(제조)	0	"1,222,913"	"3,173,398"	"39,819"	"391,368"	0	0	0	0	0	0	0	"4,827,498"
제조경비	SM_SQA	품질보증실 품질보증3팀	복리후생비(제조)	5103190	복리후생비-지원보조비(제조)	"105,680"	"105,370"	"105,370"	"105,370"	"105,370"	0	0	0	0	0	0	0	"527,160"
제조경비	SM_SQA	품질보증실 품질보증3팀	복리후생비(제조)	5103210	복리후생비-사내경조비(제조)	0	"100,000"	"100,000"	0	"50,000"	0	0	0	0	0	0	0	"250,000"
제조경비	SM_SQA	품질보증실 품질보증3팀	복리후생비(제조)	5103270	복리후생비-법정후생비(제조)	"8,765,900"	"8,105,970"	"8,377,230"	"9,473,100"	"8,507,260"	0	0	0	0	0	0	0	"43,229,460"
제조경비	SM_SQA	품질보증실 품질보증3팀	여비교통비(제조)	5104110	여비교통비-해외출장비(제조)	0	0	0	0	0	0	0	0	0	0	0	0	0
제조경비	SM_SQA	품질보증실 품질보증3팀	여비교통비(제조)	5104120	여비교통비-시외출장비(제조)	"23,200"	0	"43,000"	"470,866"	"44,100"	0	0	0	0	0	0	0	"581,166"
제조경비	SM_SQA	품질보증실 품질보증3팀	여비교통비(제조)	5104130	여비교통비-시내출장비(제조)	0	0	0	0	0	0	0	0	0	0	0	0	0
제조경비	SM_SQA	품질보증실 품질보증3팀	여비교통비(제조)	5104150	여비교통비-해외여비(제조)	0	0	0	0	0	0	0	0	0	0	0	0	0
제조경비	SM_SQA	품질보증실 품질보증3팀	감가상각비(제조)	5109170	감가상각비-산업재산권(제조)	"26,659"	"26,659"	"26,659"	"26,659"	"26,659"	0	0	0	0	0	0	0	"133,295"
제조경비	SM_SQA	품질보증실 품질보증3팀	감가상각비(제조)	5109220	감가상각비-비품(제조)	"358,118"	"358,118"	"358,118"	"358,118"	"358,118"	0	0	0	0	0	0	0	"1,790,590"
제조경비	SM_SQA	품질보증실 품질보증3팀	경상연구개발비(제조)	5113110	경상연구개발비-품질검정비(제조)	0	0	"15,939,507"	"75,273,196"	0	0	0	0	0	0	0	0	"91,212,703"
제조경비	SM_SQA	품질보증실 품질보증3팀	경상연구개발비(제조)	5113160	경상연구개발비-실험재료관리비(제조)	0	0	0	0	0	0	0	0	0	0	0	0	0
제조경비	SM_SQA	품질보증실 품질보증3팀	운반비(제조)	5115110	운반비-운임(제조)	0	0	0	0	0	0	0	0	0	0	0	0	0
제조경비	SM_SQA	품질보증실 품질보증3팀	교육훈련비(제조)	5118130	교육훈련비-사외교육훈련비(제조)	0	0	"300,000"	"300,000"	0	0	0	0	0	0	0	0	"600,000"
제조경비	SM_SQA	품질보증실 품질보증3팀	도서문구비(제조)	5119110	도서문구비-도서비(제조)	0	0	"1,050,000"	0	0	0	0	0	0	0	0	0	"1,050,000"
제조경비	SM_SQA	품질보증실 품질보증3팀	도서문구비(제조)	5119150	도서문구비-사무용품비(제조)	0	0	"17,637"	"11,200"	0	0	0	0	0	0	0	0	"28,837"
제조경비	SM_SQA	품질보증실 품질보증3팀	소모품비(제조)	5120110	소모품비-소모성기구비(제조)	0	0	0	0	0	0	0	0	0	0	0	0	0
제조경비	SM_SQA	품질보증실 품질보증3팀	소모품비(제조)	5120140	소모품비-소모성소모품관리비(제조)	"113,420"	0	"64,900"	0	0	0	0	0	0	0	0	0	"178,320"
제조경비	SM_SQA	품질보증실 품질보증3팀	업무추진비(제조)	5130120	업무추진비-업무추진비(제조)	0	0	0	"115,455"	0	0	0	0	0	0	0	0	"115,455"
제조경비	SM_SVO	송도공장 밸리데이션팀	복리후생비(제조)	5103111	복리후생비-식당운영비(제조)	"45,001"	0	"20,546"	"11,182"	"10,819"	0	0	0	0	0	0	0	"87,548"
제조경비	SM_SVO	송도공장 밸리데이션팀	복리후생비(제조)	5103131	복리후생비-부서활동비(제조)	0	"490,463"	"315,820"	"298,819"	0	0	0	0	0	0	0	0	"1,105,102"
제조경비	SM_SVO	송도공장 밸리데이션팀	복리후생비(제조)	5103190	복리후생비-지원보조비(제조)	"54,020"	"54,020"	"54,020"	"56,640"	"58,380"	0	0	0	0	0	0	0	"277,080"
제조경비	SM_SVO	송도공장 밸리데이션팀	복리후생비(제조)	5103210	복리후생비-사내경조비(제조)	0	"50,000"	"150,000"	0	0	0	0	0	0	0	0	0	"200,000"
제조경비	SM_SVO	송도공장 밸리데이션팀	복리후생비(제조)	5103270	복리후생비-법정후생비(제조)	"5,090,380"	"4,961,360"	"4,961,360"	"5,683,920"	"4,686,440"	0	0	0	0	0	0	0	"25,383,460"
제조경비	SM_SVO	송도공장 밸리데이션팀	여비교통비(제조)	5104120	여비교통비-시외출장비(제조)	"73,100"	0	"179,679"	"608,372"	"90,138"	0	0	0	0	0	0	0	"951,289"
제조경비	SM_SVO	송도공장 밸리데이션팀	여비교통비(제조)	5104130	여비교통비-시내출장비(제조)	"25,260"	0	0	0	0	0	0	0	0	0	0	0	"25,260"
제조경비	SM_SVO	송도공장 밸리데이션팀	감가상각비(제조)	5109140	감가상각비-공구기구비품(제조)	"4,059,180"	"4,059,180"	"4,059,180"	"4,059,180"	"4,059,180"	0	0	0	0	0	0	0	"20,295,900"
제조경비	SM_SVO	송도공장 밸리데이션팀	수선비(제조)	5110140	수선비-공구기구비품(제조)	"20,551,800"	0	"720,000"	0	"500,000"	0	0	0	0	0	0	0	"21,771,800"
제조경비	SM_SVO	송도공장 밸리데이션팀	경상연구개발비(제조)	5113130	경상연구개발비-실험재료비_출고(제조)	0	0	0	0	0	0	0	0	0	0	0	0	0
제조경비	SM_SVO	송도공장 밸리데이션팀	경상연구개발비(제조)	5113160	경상연구개발비-실험재료관리비(제조)	"795,000"	0	"2,754,000"	0	"8,608,000"	0	0	0	0	0	0	0	"12,157,000"
제조경비	SM_SVO	송도공장 밸리데이션팀	교육훈련비(제조)	5118130	교육훈련비-사외교육훈련비(제조)	0	0	0	0	0	0	0	0	0	0	0	0	0
제조경비	SM_SVO	송도공장 밸리데이션팀	도서문구비(제조)	5119110	도서문구비-도서비(제조)	0	0	0	0	0	0	0	0	0	0	0	0	0
제조경비	SM_SVO	송도공장 밸리데이션팀	도서문구비(제조)	5119150	도서문구비-사무용품비(제조)	0	"134,400"	0	0	0	0	0	0	0	0	0	0	"134,400"
제조경비	SM_SVO	송도공장 밸리데이션팀	소모품비(제조)	5120140	소모품비-소모성소모품관리비(제조)	0	0	"1,152,000"	0	0	0	0	0	0	0	0	0	"1,152,000"
제조경비	SM_SVO	송도공장 밸리데이션팀	지급수수료(제조)	5121150	제수수료(제조)	"720,000"	0	0	0	0	0	0	0	0	0	0	0	"720,000"
제조경비	SM_SVO	송도공장 밸리데이션팀	업무추진비(제조)	5130120	업무추진비-업무추진비(제조)	0	0	"112,728"	"122,728"	0	0	0	0	0	0	0	0	"235,456"
